{"air_temp": [25.82127178615262, 22.628444672407376, 22.215422337923727, 20.552077998403913, 27.458411306798457, 16.3085494878966, 21.756145157497667, 20.50085154210406, 25.50020888499956, 14.885367095538635, 14.854228505435291, 23.0603267841206, 20.646123073747464, 22.00539874899787, 26.588916718624027, 26.427551977897572, 16.954280730939498, 23.77677892808828, 20.55668354786294, 20.851885071092763, 19.216656233914524, 20.586317788263496, 19.43111079239586, 25.757769026524976, 25.737601929698844, 16.719274032079696, 25.040105521590917, 19.262159776848208, 20.953365616074315, 21.309366832088283, 17.159048395312706, 25.94306305872008, 29.007350112370368, 27.021770609120374, 20.536290302838886, 21.606267379022942, 22.64754589410885, 16.980184407463856, 20.60709579416804, 25.50913225411823, 17.92425509125659, 20.631425321009544, 25.4136740993487, 26.65873570833203, 22.36415779003318, 15.853991828271583, 23.557741157218064, 24.70993096025573, 20.06959111490269, 21.49296172576828, 16.407609351885963, 18.240436388060026, 29.718007089999784, 28.447597734605118, 21.926169825996283, 23.404149699502756, 31.871037571481814, 24.906061839649652, 19.85903305734752, 23.012195774252596, 24.216939849376736, 21.095578059127607, 22.519287510567626, 20.538814536027935, 26.088076157644938, 20.53939894468885, 20.252679577356094, 14.78197131456993, 24.114696662936833, 18.954625062363874, 14.768305161207625, 24.03596615589795, 24.765131712494785, 21.423781580370125, 13.62689448050417, 22.85259304095406, 28.41162061514648, 27.44777774070806, 20.54320167811299, 23.112909426920034, 25.531414936287906, 29.188630206470005, 20.37590662406888, 15.564833614574798, 24.044117338701664, 23.39584061356762, 19.048364969795088, 21.127198489897427, 14.036489233749176, 29.188518320459806, 25.076521958608243, 8.976870539988631, 23.247192853036488, 21.982716395612865, 21.57385637592878, 21.644944385750662, 22.89914777709984, 16.326077011627866, 18.21817136232828, 18.832713452959073], "soil_temp": [15.078039994325408, 17.631371459541977, 14.54660934189328, 17.24463187951608, 16.977685970700534, 18.152950567568233, 14.952392124522285, 17.92950267446522, 16.5207214400478, 17.41895967031281, 18.199910068387855, 17.502017991083996, 14.586677148248476, 14.405298126563407, 14.542205778776255, 16.30717180347793, 21.142261893379004, 13.126270193821629, 13.927216655808742, 17.260103135109052, 12.515577427349655, 19.476887904522798, 17.48990029434488, 17.630070695509218, 18.428301759916778, 18.81635183035257, 18.1885614097483, 17.292316488129035, 18.006192774611012, 12.278047121922814, 17.71677183201162, 17.15225617391836, 15.136800351843634, 17.729571925038222, 15.926469011812223, 15.326406764489054, 15.194725202618125, 15.889482981937443, 15.420732057573044, 15.357816721164074, 17.17594703716441, 19.421806748448432, 19.2385781269382, 16.37645675952034, 16.21640054649099, 17.803785142749618, 17.501521101051306, 17.32794269333905, 21.157954028955686, 14.978225722074754, 18.22301128102275, 16.173995789074908, 19.985400136734253, 16.005065086775694, 14.584616716638239, 15.445664998109537, 17.29204767740838, 19.33561756754726, 14.494950255948782, 17.029918369146298, 16.561009183647705, 15.05082653995218, 15.471594993083514, 18.902857036011746, 20.05515811425199, 16.764998164507873, 16.192814205048904, 16.78304529167804, 17.30536424039437, 15.71979748837407, 17.616032573367498, 15.90903201003452, 18.910510447639368, 14.894158959177418, 21.077377943204294, 15.625332678210489, 13.104605074929554, 18.19474666472888, 20.787560190442473, 11.999622837099533, 15.997200817194713, 15.580620315962335, 17.40140939164624, 17.17274435347446, 15.799382374792438, 16.803599964163663, 14.98644321088675, 16.189170001051636, 19.96298820279184, 18.643913856694784, 16.749286837114106, 14.336983843556204, 18.1791663280333, 18.985862741623833, 17.165681634872886, 19.7100886711902, 17.587666816373055, 14.094109300108162, 15.456770276175211, 19.55075338027303], "water_temp": [24.68050918936521, 22.663188311351963, 23.218771586136597, 25.214474865691017, 24.380028047279538, 22.7310290744999, 21.883551463337128, 23.539129538827325, 23.668274006397933, 23.38238460513067, 22.81905726506577, 23.36535135473238, 22.78633307469456, 21.146696545976702, 22.97201714432964, 23.015023046942126, 24.705643696688906, 22.33624458799688, 23.73280695189464, 22.351624836332313, 20.827077695078156, 22.3472106707199, 23.69123903883442, 22.50476102073568, 21.32441007375599, 22.1892895112646, 21.234628341036924, 24.487313145639575, 24.15753185485069, 22.960966845556726, 23.664301031589094, 23.271014311665905, 22.716455016822668, 22.356020465898077, 22.934718540945877, 23.69240636922551, 23.052132282650955, 22.80127847240656, 23.717993101688805, 23.651104518265697, 22.06388318008927, 21.819658675788947, 21.707263360086312, 23.623708569369093, 23.83683543578795, 23.36630104499896, 23.23594147694025, 23.372233688002833, 22.535311120844103, 21.283662888084816, 22.218613111180588, 23.29912128267663, 23.136629110689654, 25.99488417175478, 23.149759510967574, 23.4277221815677, 23.039333669041703, 24.01370864580857, 24.242760631251922, 21.706207203142352, 21.518611937320387, 22.405952742707463, 22.057421829562404, 23.521644877790028, 22.45126055314332, 23.1950636499403, 22.660916755698743, 21.631082220274198, 21.825344978076075, 22.602623567438112, 23.464961343893012, 22.48180788102962, 21.653596421907327, 24.311416248673822, 23.519220139867446, 24.77603305073898, 22.068926916833377, 22.442236799336985, 22.94475788006415, 23.654584631954783, 22.791333583016183, 23.25900705064309, 23.853172821074057, 23.52320718341149, 24.1049723809087, 22.481648449268004, 21.671771833644378, 21.56669396837564, 22.999556034953862, 22.006653189111198, 23.70128990188457, 24.10635384692903, 22.98720438125745, 23.780517688765105, 21.347754030334944, 23.40390861950258, 23.571278431743387, 21.961672896637587, 23.26162351360529, 23.737684373804804], "light": [220.48249019933314, 227.44272939713042, 183.719117912963, 237.03880191126265, 200.9700305642894, 252.79218436376678, 221.68923444550393, 268.49659898474187, 260.9261919898074, 226.60597529129092, 241.42437057442064, 242.44870377323295, 330.81462323248815, 211.6670303213764, 196.12744904260737, 217.6472210783403, 278.9133796608328, 215.91212962492645, 225.10802106312545, 249.60010373930479, 199.5343019236252, 218.94136419218066, 292.8412974997198, 173.17120654309025, 169.2305918539043, 213.3083736573142, 244.1586880114275, 195.89734264455836, 230.12724973398701, 208.10619636720017, 196.2630583074867, 238.3853822283495, 226.9028933831896, 250.26576025206512, 250.5628557911904, 174.5585539596609, 270.8951326761339, 226.65446318903494, 229.75298766415762, 222.95756235135426, 231.41704608740733, 235.41833893077305, 225.04617352383684, 194.36119404915647, 209.11736442942416, 224.08346578009935, 215.92708251730176, 243.6315391927808, 217.46580207104273, 159.68534988318146, 221.6879046324714, 206.0164169085963, 149.69429632564425, 191.32418101298174, 213.24498741510425, 216.00018204483308, 217.6260001249266, 261.2073380110257, 219.56365664875966, 238.79441893453014, 218.0967777982821, 180.7668720389732, 207.86157218542505, 297.07318036508497, 222.19290996703768, 197.87642675049273, 202.49616541929288, 267.4748300475033, 267.61444816528325, 205.76222473255913, 176.4599327688647, 210.09883407562174, 250.68329649307407, 189.69547763307963, 266.5382009493609, 207.18569859154113, 234.99201518069924, 253.39487197292812, 235.29815327103177, 248.63915182002992, 193.1219509437, 239.00011348771324, 245.2797281651519, 233.5381571636631, 168.5123356874567, 199.27090493483973, 222.91154260632413, 257.1934747528311, 218.47609703454927, 247.6151711606226, 221.44121226268192, 218.4668887311453, 259.4149107402717, 239.71269695060002, 228.96089985139736, 212.2106675629718, 227.4511352698448, 229.93453592873018, 213.5418726605156, 223.72346518220894],